stage,week,book,calc_track,concept_unit,concept_topics,note
1,1,SA,10이하 덧셈 직관,자연수의 성질과 연산,수직선상의 분수·소수·자연수; 자연수의 묶음과 낱개; 자연수와 정수,원본 '지관' → '직관' 정정
1,2,SA,10이하 덧셈 가역,자연수의 성질과 연산,덧셈과 곱셈의 계산 순서; 덧셈과 곱셈의 성질; 법칙적 계산,
1,3,SA,20까지 수의 확장,자연수의 성질과 연산,곱셈과 배수; 홀수와 짝수; 배수의 법칙; 배수와 약수,
1,4,SA,15이하 덧셈 직관,자연수의 성질과 연산,배수의 법칙과 나눗셈; 나눗셈의 몫과 나머지; 나눗셈과 분수,
1,5,SA,15이하 덧셈 가역,자연수의 성질과 연산,소수·합성수; 곱셈과 거듭제곱; 소인수분해와 거듭제곱으로 나타내기,
1,6,SA,1위 받아올림 직관,자연수의 성질과 연산,공약수·서로소; 모든 약수 구하기; 최대공약수 구하기,
1,7,SA,1위 덧셈 가역 직관,자연수의 성질과 연산,공배수·최소공배수; 약수의 개수 구하기; 공배수와 공약수의 활용,원본 '지관' → '직관' 정정
1,8,SA,10이하 순감 뺄셈,큰 수의 이해와 연산,큰 수의 사칙연산; 이상·이하·초과·미만,
1,9,SA,10이하 덧셈가역과 뺄셈,분수의 이해와 연산,분수의 이해; 나눗셈과 분수; 지수법칙; 가분수와 대분수의 변환,
1,10,SA,15이하 받아내림 뺄셈,분수의 이해와 연산,분모·분자의 공약수; 약분과 기약분수; 통분과 분수의 크기 비교,
1,11,SA,1위 받아올림 가역,분수의 이해와 연산,동분모 분수의 덧셈과 뺄셈; 이분모 분수의 덧셈과 뺄셈,
1,12,SA,18이하 받아내림 직관,분수의 이해와 연산,분수의 곱셈과 나눗셈; 자연수와 분수의 혼합계산,
1,13,SA,100까지 수의 확장,소수의 이해와 연산,소수의 이해; 소수의 덧셈과 뺄셈; 소수의 곱셈; 소수의 나눗셈,
1,14,SA,2위+1위 끝자리 쓰기,소수의 이해와 연산,소수를 분수로 나타내기; 분수를 소수로 나타내기,
1,15,SA,2위+1위 올림 자리 쓰기,소수의 이해와 연산,유한소수·무한소수·순환소수; 순환마디; 소수의 크기 비교,
1,16,SA,2위+1위 직관,법칙적 계산,버림·올림·반올림; 법칙을 활용한 계산; 간단한 문자식의 계산,
1,17,SA,2위+1위 가역,정수와 유리수의 이해와 연산,자연수와 정수·정수와 유리수의 이해; 유리수와 무리수의 이해,
1,18,SA,2위-1위 직관,정수와 유리수의 이해와 연산,정수와 유리수의 크기비교; 수직선을 이용한 정수의 계산; 절댓값,
1,19,SA,2위+2위 올림 자리 쓰기,정수와 유리수의 이해와 연산,절댓값의 합과 차; 절댓값을 이용한 정수와 유리수의 덧셈과 뺄셈,
1,20,SA,2위+2위 올림 자리 직관,정수와 유리수의 이해와 연산,정수와 유리수의 곱셈과 나눗셈; 항·상수항을 이용한 식의 정리와 계산,
1,21,SA,2위-2위 내림 끝자리 쓰기,"문자와 식, 방정식의 풀이",문자의 사용; 문자의 사용과 대입; 기호를 생략하여 나타내기,
1,22,SA,2위-2위 내림 자리 쓰기,"문자와 식, 방정식의 풀이",단항식과 다항식; 동류항; 일차식의 계산; 다항식에서의 항의 정리,
1,23,SA,2위-2위 직관,"문자와 식, 방정식의 풀이",등식과 등식의 법칙; 방정식과 이항; 일차방정식의 풀이,
1,24,SA,1000까지 수의 확장,비와 비례식,비와 비율·백분율; 비례식; 비례배분,
1,25,SB,2위+1위 세로덧셈,방정식의 활용,"일차방정식의 활용(1): 초등 공약수·공배수, 버림·올림·반올림",
1,26,SB,2위-1위 세로뺄셈,방정식의 활용,"일차방정식의 활용(2): 초등 비와 비율·백분율, 비례식과 비례배분",
1,27,SB,2위+2위 세로덧셈,방정식의 활용,"일차방정식의 활용(3): 중1 자연수의 성질, 정수와 유리수",
1,28,SB,2위-2위 세로뺄셈,방정식의 활용,"일차방정식의 활용(4): 숫자·나이, 거리·속도·시간·농도",
1,29,SC,곱셈구구 2·5단과 3·4단,좌표와 그래프,순서쌍과 좌표평면; 그래프의 뜻과 표현,
1,30,SC,곱셈구구 6·9단과 7·8단,좌표와 그래프,정비례와 그래프; 반비례와 그래프,
1,31,SC,구구 복습 및 가역,초등과정 도형,각도; 삼각형·사각형·다각형,
1,32,SC,곱셈의 가역과 나눗셈,초등과정 도형,평면도형의 이동; 다각형의 둘레와 넓이; 평면도형의 합동과 대칭,
2,33,SC,10의 배수 및 가역,초등과정 도형의 문제풀이,직육면체; 각기둥과 각뿔; 직육면체의 부피와 겉넓이,
2,34,SC,2위×1위 세로곱셈,초등과정 도형의 문제풀이,공간과 입체; 원의 둘레와 넓이,
2,35,SC,2위×1위 가로곱셈,초등과정 도형의 문제풀이,"원기둥, 원뿔, 구",
2,36,SC,홀수와 짝수 배수 개념 도입,중1과정 도형,도형의 기초,
2,37,SC,2와 5의 배수 및 가역,중1과정 도형,평면도형,
2,38,SC,3과 9의 배수 및 가역,중1과정 도형,입체도형,
2,39,SC,2위×1위 짝수의 법칙,중1과정 통계,도수분포표·변량·계급·도수의 뜻; 도수분포표 만들기,
2,40,SC,2위×1위 홀수의 법칙,중1과정 통계,히스토그램과 도수분포다각형; 상대도수와 그래프,
2,41,SC,짝수 홀수 혼합계산,유리수와 근삿값,유한소수와 무한소수; 순환소수와 순환마디; 유리수와 무리수,
2,42,SC,짝수 홀수의 가역,유리수와 근삿값,순환소수를 분수로 나타내기; 유리수의 대소비교·사칙연산,
2,43,SC,2위 곱셈의 가역과 나눗셈,식의 계산,지수법칙; 다항식의 사칙연산,
2,44,SC,나눗셈의 나머지와 검산,식의 계산,곱셈공식; 등식과 곱셈공식의 변형,
2,45,SC,,연립방정식,연립방정식이란?; 가감법·대입법; 복잡한 연립방정식,원본 과정수학 칸 비어 있음 — 확인 필요
2,46,SC,덧셈과 곱셈의 계산순서,연립방정식,해가 특수한 연립방정식; 연립방정식의 활용,"원본 주차번호 오류(56~59, 50) → 46~50으로 정정"
2,47,SC,2위×1위 결합법칙,부등식,부등식의 뜻과 성질; 부등식의 풀이; 여러 가지 연립부등식,"원본 주차번호 오류(56~59, 50) → 46~50으로 정정"
2,48,SC,2위×1위 분배법칙,부등식,연립부등식의 풀이; 여러 가지 연립부등식; 부등식·연립부등식의 활용,"원본 주차번호 오류(56~59, 50) → 46~50으로 정정"
2,49,SC,"덧셈과 곱셈, 문자의 사용",일차함수와 그래프,일차함수의 뜻; 일차함수와 그래프; 절편과 기울기,"원본 주차번호 오류(56~59, 50) → 46~50으로 정정"
2,50,SC,곱셈과 지수법칙,일차함수와 그래프,그래프의 평행과 일치; 직선의 방정식·일차방정식,"원본 주차번호 오류(56~59, 50) → 46~50으로 정정"
2,51,SD,배수와 공배수,일차함수와 그래프,축에 평행한 직선의 방정식; 일차함수와 직선의 방정식 구하기,
2,52,SD,약수와 공약수,일차함수와 그래프,그래프를 보고 직선의 방정식 구하기; 연립방정식의 해·그래프·활용,
2,53,SD,소수와 합성수,실수와 식의 계산,제곱근의 이해; 제곱근의 대소관계; 무리수와 실수; 수직선과 무리수,
2,54,SD,소인수분해와 약수의 개수,실수와 식의 계산,실수의 대소관계; 제곱근의 곱셈과 나눗셈; 분모의 유리화,
2,55,SD,최소공배수와 최대공약수,실수와 식의 계산,제곱근의 덧셈과 뺄셈; 제곱근의 근삿값; 무리수의 정수부분과 소수부분,
2,56,SE,분수의 이해와 단위분수,인수분해,인수분해; 공통인수로 인수분해,
2,57,SE,"약분, 기약분수, 동분모 덧셈",인수분해,"완전제곱식, 합과 차의 공식; 이차식의 인수분해",
2,58,SE,분수의 곱셈과 역수,인수분해,공통인수로 묶기와 치환; 항이 4개 이상일 때의 인수분해; 수의 계산,
2,59,SE,분수의 나눗셈과 혼합계산,이차방정식,이차방정식의 이해와 해; 인수분해를 이용한 풀이,
2,60,SE,분수의 사칙연산,이차방정식,중근을 가질 조건; 제곱근을 이용한 풀이,
2,61,SF,소수의 이해와 자릿수,이차방정식,"완전제곱식을 이용한 풀이; 근의 공식과 유도, 짝수 공식",
2,62,SF,소수의 크기비교와 연산,이차방정식,근의 개수와 판별식; 복잡한 이차방정식의 풀이,
2,63,SF,소수의 곱셈과 소수점,이차방정식,근과 계수의 관계; 합과 곱이 주어졌을 때 이차방정식 구하기,
2,64,SF,소수의 나눗셈,이차방정식,한 근이 주어졌을 때 이차방정식 구하기; 이차방정식의 활용,
2,65,SG,자연수와 정수,이차함수,이차함수; 이차함수의 그래프와 특징,
2,66,SG,수직선을 이용한 계산,이차함수,평행이동; 대칭이동,
2,67,SG,"절댓값, 절댓값의 합과 차",이차함수,이차함수 식 구하기,
2,68,SG,절댓값을 이용한 정수연산,이차함수,최댓값과 최솟값; 이차함수의 활용,
2,,SG,기호를 생략해서 나타내기,(미정),,주차 번호 없음(원본 마지막 표) — 확인 필요
2,,SG,정수의 곱셈과 나눗셈,(미정),,주차 번호 없음(원본 마지막 표) — 확인 필요
2,,SG,항의 정리의 계산,(미정),,주차 번호 없음(원본 마지막 표) — 확인 필요
2,,SH,문자식의 도입,(미정),,주차 번호 없음(원본 마지막 표) — 확인 필요
2,,SH,항과 동류항,(미정),,주차 번호 없음(원본 마지막 표) — 확인 필요
2,,SH,일차식의 계산,(미정),,주차 번호 없음(원본 마지막 표) — 확인 필요
