set_id,skill_id,page,order,a,op,b,blank,answer,note
GG-P01,TIMES_2,1,1,2,×,1,result,2,
GG-P01,TIMES_2,1,2,2,×,2,result,4,
GG-P01,TIMES_2,1,3,2,×,3,result,6,
GG-P01,TIMES_2,1,4,2,×,4,result,8,
GG-P01,TIMES_2,1,5,2,×,5,result,10,
GG-P01,TIMES_2,1,6,2,×,6,result,12,
GG-P01,TIMES_2,1,7,2,×,7,result,14,
GG-P01,TIMES_2,1,8,2,×,8,result,16,
GG-P01,TIMES_2,1,9,2,×,9,result,18,
GG-P02,TIMES_2,2,1,1,×,2,result,2,순서 바꾸기
GG-P02,TIMES_2,2,2,2,×,2,result,4,순서 바꾸기
GG-P02,TIMES_2,2,3,3,×,2,result,6,순서 바꾸기
GG-P02,TIMES_2,2,4,4,×,2,result,8,순서 바꾸기
GG-P02,TIMES_2,2,5,5,×,2,result,10,순서 바꾸기
GG-P02,TIMES_2,2,6,6,×,2,result,12,순서 바꾸기
GG-P02,TIMES_2,2,7,7,×,2,result,14,순서 바꾸기
GG-P02,TIMES_2,2,8,8,×,2,result,16,순서 바꾸기
GG-P02,TIMES_2,2,9,9,×,2,result,18,순서 바꾸기
GG-P03,TIMES_5,3,1,5,×,1,result,5,
GG-P03,TIMES_5,3,2,5,×,2,result,10,
GG-P03,TIMES_5,3,3,5,×,3,result,15,
GG-P03,TIMES_5,3,4,5,×,4,result,20,
GG-P03,TIMES_5,3,5,5,×,5,result,25,
GG-P03,TIMES_5,3,6,5,×,6,result,30,
GG-P03,TIMES_5,3,7,5,×,7,result,35,
GG-P03,TIMES_5,3,8,5,×,8,result,40,
GG-P03,TIMES_5,3,9,5,×,9,result,45,
GG-P04,TIMES_5,4,1,1,×,5,result,5,순서 바꾸기
GG-P04,TIMES_5,4,2,2,×,5,result,10,순서 바꾸기
GG-P04,TIMES_5,4,3,3,×,5,result,15,순서 바꾸기
GG-P04,TIMES_5,4,4,4,×,5,result,20,순서 바꾸기
GG-P04,TIMES_5,4,5,5,×,5,result,25,순서 바꾸기
GG-P04,TIMES_5,4,6,6,×,5,result,30,순서 바꾸기
GG-P04,TIMES_5,4,7,7,×,5,result,35,순서 바꾸기
GG-P04,TIMES_5,4,8,8,×,5,result,40,순서 바꾸기
GG-P04,TIMES_5,4,9,9,×,5,result,45,순서 바꾸기
GG-P05,TIMES_3,5,1,3,×,1,result,3,
GG-P05,TIMES_3,5,2,3,×,2,result,6,
GG-P05,TIMES_3,5,3,3,×,3,result,9,
GG-P05,TIMES_3,5,4,3,×,4,result,12,
GG-P05,TIMES_3,5,5,3,×,5,result,15,
GG-P05,TIMES_3,5,6,3,×,6,result,18,
GG-P05,TIMES_3,5,7,3,×,7,result,21,
GG-P05,TIMES_3,5,8,3,×,8,result,24,
GG-P05,TIMES_3,5,9,3,×,9,result,27,
GG-P06,TIMES_3,6,1,1,×,3,result,3,순서 바꾸기
GG-P06,TIMES_3,6,2,2,×,3,result,6,순서 바꾸기
GG-P06,TIMES_3,6,3,3,×,3,result,9,순서 바꾸기
GG-P06,TIMES_3,6,4,4,×,3,result,12,순서 바꾸기
GG-P06,TIMES_3,6,5,5,×,3,result,15,순서 바꾸기
GG-P06,TIMES_3,6,6,6,×,3,result,18,순서 바꾸기
GG-P06,TIMES_3,6,7,7,×,3,result,21,순서 바꾸기
GG-P06,TIMES_3,6,8,8,×,3,result,24,순서 바꾸기
GG-P06,TIMES_3,6,9,9,×,3,result,27,순서 바꾸기
GG-P07,TIMES_4,7,1,4,×,1,result,4,
GG-P07,TIMES_4,7,2,4,×,2,result,8,
GG-P07,TIMES_4,7,3,4,×,3,result,12,
GG-P07,TIMES_4,7,4,4,×,4,result,16,
GG-P07,TIMES_4,7,5,4,×,5,result,20,
GG-P07,TIMES_4,7,6,4,×,6,result,24,
GG-P07,TIMES_4,7,7,4,×,7,result,28,
GG-P07,TIMES_4,7,8,4,×,8,result,32,
GG-P07,TIMES_4,7,9,4,×,9,result,36,
GG-P08,TIMES_4,8,1,1,×,4,result,4,순서 바꾸기
GG-P08,TIMES_4,8,2,2,×,4,result,8,순서 바꾸기
GG-P08,TIMES_4,8,3,3,×,4,result,12,순서 바꾸기
GG-P08,TIMES_4,8,4,4,×,4,result,16,순서 바꾸기
GG-P08,TIMES_4,8,5,5,×,4,result,20,순서 바꾸기
GG-P08,TIMES_4,8,6,6,×,4,result,24,순서 바꾸기
GG-P08,TIMES_4,8,7,7,×,4,result,28,순서 바꾸기
GG-P08,TIMES_4,8,8,8,×,4,result,32,순서 바꾸기
GG-P08,TIMES_4,8,9,9,×,4,result,36,순서 바꾸기
GG-P09,TIMES_MIX_A,9,1,2,×,7,result,14,
GG-P09,TIMES_MIX_A,9,2,5,×,4,result,20,
GG-P09,TIMES_MIX_A,9,3,3,×,8,result,24,
GG-P09,TIMES_MIX_A,9,4,4,×,6,result,24,
GG-P09,TIMES_MIX_A,9,5,2,×,9,result,18,
GG-P09,TIMES_MIX_A,9,6,5,×,7,result,35,
GG-P09,TIMES_MIX_A,9,7,3,×,6,result,18,
GG-P09,TIMES_MIX_A,9,8,4,×,9,result,36,
GG-P09,TIMES_MIX_A,9,9,4,×,8,result,32,
GG-P10,TIMES_6,10,1,6,×,1,result,6,
GG-P10,TIMES_6,10,2,6,×,2,result,12,
GG-P10,TIMES_6,10,3,6,×,3,result,18,
GG-P10,TIMES_6,10,4,6,×,4,result,24,
GG-P10,TIMES_6,10,5,6,×,5,result,30,
GG-P10,TIMES_6,10,6,6,×,6,result,36,
GG-P10,TIMES_6,10,7,6,×,7,result,42,
GG-P10,TIMES_6,10,8,6,×,8,result,48,
GG-P10,TIMES_6,10,9,6,×,9,result,54,
GG-P11,TIMES_6,11,1,1,×,6,result,6,순서 바꾸기
GG-P11,TIMES_6,11,2,2,×,6,result,12,순서 바꾸기
GG-P11,TIMES_6,11,3,3,×,6,result,18,순서 바꾸기
GG-P11,TIMES_6,11,4,4,×,6,result,24,순서 바꾸기
GG-P11,TIMES_6,11,5,5,×,6,result,30,순서 바꾸기
GG-P11,TIMES_6,11,6,6,×,6,result,36,순서 바꾸기
GG-P11,TIMES_6,11,7,7,×,6,result,42,순서 바꾸기
GG-P11,TIMES_6,11,8,8,×,6,result,48,순서 바꾸기
GG-P11,TIMES_6,11,9,9,×,6,result,54,순서 바꾸기
GG-P12,TIMES_9,12,1,9,×,1,result,9,
GG-P12,TIMES_9,12,2,9,×,2,result,18,
GG-P12,TIMES_9,12,3,9,×,3,result,27,
GG-P12,TIMES_9,12,4,9,×,4,result,36,
GG-P12,TIMES_9,12,5,9,×,5,result,45,
GG-P12,TIMES_9,12,6,9,×,6,result,54,
GG-P12,TIMES_9,12,7,9,×,7,result,63,
GG-P12,TIMES_9,12,8,9,×,8,result,72,
GG-P12,TIMES_9,12,9,9,×,9,result,81,
GG-P13,TIMES_9,13,1,1,×,9,result,9,순서 바꾸기
GG-P13,TIMES_9,13,2,2,×,9,result,18,순서 바꾸기
GG-P13,TIMES_9,13,3,3,×,9,result,27,순서 바꾸기
GG-P13,TIMES_9,13,4,4,×,9,result,36,순서 바꾸기
GG-P13,TIMES_9,13,5,5,×,9,result,45,순서 바꾸기
GG-P13,TIMES_9,13,6,6,×,9,result,54,순서 바꾸기
GG-P13,TIMES_9,13,7,7,×,9,result,63,순서 바꾸기
GG-P13,TIMES_9,13,8,8,×,9,result,72,순서 바꾸기
GG-P13,TIMES_9,13,9,9,×,9,result,81,순서 바꾸기
GG-P14,TIMES_7,14,1,7,×,1,result,7,
GG-P14,TIMES_7,14,2,7,×,2,result,14,
GG-P14,TIMES_7,14,3,7,×,3,result,21,
GG-P14,TIMES_7,14,4,7,×,4,result,28,
GG-P14,TIMES_7,14,5,7,×,5,result,35,
GG-P14,TIMES_7,14,6,7,×,6,result,42,
GG-P14,TIMES_7,14,7,7,×,7,result,49,
GG-P14,TIMES_7,14,8,7,×,8,result,56,
GG-P14,TIMES_7,14,9,7,×,9,result,63,
GG-P15,TIMES_7,15,1,1,×,7,result,7,순서 바꾸기
GG-P15,TIMES_7,15,2,2,×,7,result,14,순서 바꾸기
GG-P15,TIMES_7,15,3,3,×,7,result,21,순서 바꾸기
GG-P15,TIMES_7,15,4,4,×,7,result,28,순서 바꾸기
GG-P15,TIMES_7,15,5,5,×,7,result,35,순서 바꾸기
GG-P15,TIMES_7,15,6,6,×,7,result,42,순서 바꾸기
GG-P15,TIMES_7,15,7,7,×,7,result,49,순서 바꾸기
GG-P15,TIMES_7,15,8,8,×,7,result,56,순서 바꾸기
GG-P15,TIMES_7,15,9,9,×,7,result,63,순서 바꾸기
GG-P16,TIMES_8,16,1,8,×,1,result,8,
GG-P16,TIMES_8,16,2,8,×,2,result,16,
GG-P16,TIMES_8,16,3,8,×,3,result,24,
GG-P16,TIMES_8,16,4,8,×,4,result,32,
GG-P16,TIMES_8,16,5,8,×,5,result,40,
GG-P16,TIMES_8,16,6,8,×,6,result,48,
GG-P16,TIMES_8,16,7,8,×,7,result,56,
GG-P16,TIMES_8,16,8,8,×,8,result,64,
GG-P16,TIMES_8,16,9,8,×,9,result,72,
GG-P17,TIMES_8,17,1,1,×,8,result,8,순서 바꾸기
GG-P17,TIMES_8,17,2,2,×,8,result,16,순서 바꾸기
GG-P17,TIMES_8,17,3,3,×,8,result,24,순서 바꾸기
GG-P17,TIMES_8,17,4,4,×,8,result,32,순서 바꾸기
GG-P17,TIMES_8,17,5,5,×,8,result,40,순서 바꾸기
GG-P17,TIMES_8,17,6,6,×,8,result,48,순서 바꾸기
GG-P17,TIMES_8,17,7,7,×,8,result,56,순서 바꾸기
GG-P17,TIMES_8,17,8,8,×,8,result,64,순서 바꾸기
GG-P17,TIMES_8,17,9,9,×,8,result,72,순서 바꾸기
GG-P18,TIMES_MIX_B,18,1,6,×,7,result,42,
GG-P18,TIMES_MIX_B,18,2,9,×,4,result,36,
GG-P18,TIMES_MIX_B,18,3,7,×,8,result,56,
GG-P18,TIMES_MIX_B,18,4,8,×,6,result,48,
GG-P18,TIMES_MIX_B,18,5,6,×,9,result,54,
GG-P18,TIMES_MIX_B,18,6,9,×,7,result,63,
GG-P18,TIMES_MIX_B,18,7,7,×,6,result,42,
GG-P18,TIMES_MIX_B,18,8,8,×,9,result,72,
GG-P18,TIMES_MIX_B,18,9,8,×,7,result,56,
